submitted_source,repository_path,sha256
code/methods/densratio/DESCRIPTION,vendor/densratio/DESCRIPTION,0576297182d06fd7975dadd7d256015aaee205db6f2155e52a99d29ee95bf4f9
code/methods/densratio/LICENSE,vendor/densratio/LICENSE,46f49fbd03eda4bb3d18d8df1db094ffe57a894b9658877371eaf85e9bb94794
code/methods/densratio/man/densratio.Rd,vendor/densratio/man/densratio.Rd,f843dc61fa899f9b4185328335da2875f50499451951ca6d2f9b0e85df4d5bc2
code/methods/densratio/man/figures/README-basics-compute-estimated-density-ratio-1.png,vendor/densratio/man/figures/README-basics-compute-estimated-density-ratio-1.png,f7a0f21aa063a0a2f8f5293b27401b8b2423c043961f352fa976f2e84b0ad0dd
code/methods/densratio/man/figures/README-compare-2d-1.png,vendor/densratio/man/figures/README-compare-2d-1.png,2d02e615a50ca3d70a07317a17008325749750232051552ca3a32d9de0a8afeb
code/methods/densratio/man/figures/README-compare-true-estimate-1.png,vendor/densratio/man/figures/README-compare-true-estimate-1.png,76aaa9e5f9b556afc715e4c4c64d07e552576dcb6b03e2860e7ec45a74ab1d33
code/methods/densratio/man/figures/README-compute-estimated-density-ratio-1.png,vendor/densratio/man/figures/README-compute-estimated-density-ratio-1.png,f7a0f21aa063a0a2f8f5293b27401b8b2423c043961f352fa976f2e84b0ad0dd
code/methods/densratio/man/KLIEP.Rd,vendor/densratio/man/KLIEP.Rd,93be6b015a8522645dab7ae0a26066adef851ed49720f5ecb6afadf39592c5d3
code/methods/densratio/man/RuLSIF.Rd,vendor/densratio/man/RuLSIF.Rd,8d4cf104f6afb616e492c6d20eddf436938501d0951534b48cf7bad3f7a96aa9
code/methods/densratio/man/squared_euclid_distance.Rd,vendor/densratio/man/squared_euclid_distance.Rd,2a9c97181a2eb08e2076938716ab6e4ef6758c8029d455f26e9cc7dbdb133681
code/methods/densratio/man/uLSIF.Rd,vendor/densratio/man/uLSIF.Rd,27f88c68a298cd79adfc5c704f9ab4e7d967e606cd37747cbe994687eaa6ff31
code/methods/densratio/NAMESPACE,vendor/densratio/NAMESPACE,c07e60ee1c150622a5bf9c18fdd778c8e558008d501887af863a09fabbf04aea
code/methods/densratio/NEWS.md,vendor/densratio/NEWS.md,3bdeb9d5602a06fc84a210e0a1a31394a284dd0c26391a76d8cd63fd3089ac2d
code/methods/densratio/R/compute_kernel_Gaussian.R,vendor/densratio/R/compute_kernel_Gaussian.R,e962e73a3e12921797dbaa0f51c53ec3a8d2541e8cae4781273e9af11c48cd51
code/methods/densratio/R/densratio.R,vendor/densratio/R/densratio.R,b0cb30c31fa249e4584302e971e56543287094969ba275a6eab3b5846065f40d
code/methods/densratio/R/KLIEP.R,vendor/densratio/R/KLIEP.R,f8a1f6136c10ca810b0c9e90b3d8070e91649513b904e9653f7a0c8d5adb4058
code/methods/densratio/R/KLIEP_compute_score.R,vendor/densratio/R/KLIEP_compute_score.R,70ede450ac4381b0b64018cc6d45d2502c3ccdda2552fccb4084c8f1eca409b5
code/methods/densratio/R/KLIEP_optimize_alpha.R,vendor/densratio/R/KLIEP_optimize_alpha.R,05fc8d2be7a902d0c5e448db36d198146fb1c60d337ab2487ad8f5ff46c456b0
code/methods/densratio/R/KLIEP_search_sigma.R,vendor/densratio/R/KLIEP_search_sigma.R,5ad266518602b22b0f2aac855c04fdf8ca7bc60db247dece6df608e016947fa9
code/methods/densratio/R/KLIEP_search_sigma_list.R,vendor/densratio/R/KLIEP_search_sigma_list.R,0fa05886657018524a7cf4401ea901fc3728574ff3124a4899f67ebfb0452d55
code/methods/densratio/R/print.R,vendor/densratio/R/print.R,c710ab02feb2923ddedd034ae3a6f858120a8771c14151ba89c6820861f5aecd
code/methods/densratio/R/RuLSIF.R,vendor/densratio/R/RuLSIF.R,7312a68fbffedc25450da4deb0633d6fd5b66b57e18f731cf8c6effe36991898
code/methods/densratio/R/RuLSIF_search_sigma_and_lambda.R,vendor/densratio/R/RuLSIF_search_sigma_and_lambda.R,09ccc461b7082f7533f16b9e28642e076d1a35471e8c2bca8769a2343e5528db
code/methods/densratio/R/uLSIF.R,vendor/densratio/R/uLSIF.R,7039b1c8788b7c331589394db9f74c67120d040971a69ec983e663569506981b
code/methods/densratio/README.md,vendor/densratio/README.md,c946f3f37245dc96d472d0ce763c1333792f829fe4c8cb0a74c302db7ba3a493
