"source_repository","source_commit","source_path","destination_path","sha256"
"https://github.com/nawaya040/BATTS","aee3eb56692e9fbaeba2e08139981dbc204231d7","scripts/analyze_20D_localization_from_saved.R","scripts/analyze_20D_localization_from_saved.R","301AE27D42ABF01DB076B225B3B690CC43D5CA09E508AF1AEB08BDA0C4925642"
"https://github.com/nawaya040/BATTS","aee3eb56692e9fbaeba2e08139981dbc204231d7","scripts/boosting/README.md","scripts/boosting/README.md","A74CDB6FA13F24E382BDF5AE98F9643118153BEC0D69D504D6D07ACF6E9DA3E6"
"https://github.com/nawaya040/BATTS","aee3eb56692e9fbaeba2e08139981dbc204231d7","scripts/boosting/boosting_selection_common.R","scripts/boosting/boosting_selection_common.R","B9790AAD70BB91393BA7242CD3EF5A07861827387BB465F17A88D824E16E2858"
"https://github.com/nawaya040/BATTS","aee3eb56692e9fbaeba2e08139981dbc204231d7","scripts/boosting/run_boosting_selection.R","scripts/boosting/run_boosting_selection.R","E8A2DD8631C66E0756EEAB7C426B2E9AC395A024ED98C947D5301F3D3C72E5BE"
"https://github.com/nawaya040/BATTS","aee3eb56692e9fbaeba2e08139981dbc204231d7","scripts/coverage/README.md","scripts/coverage/README.md","AA4734AAA7C8C9592429C78700BD93F671BEF30804C9FBCB7CFB7959ED1F7F9C"
"https://github.com/nawaya040/BATTS","aee3eb56692e9fbaeba2e08139981dbc204231d7","scripts/coverage/coverage_common.R","scripts/coverage/coverage_common.R","F9587F90D8BD9E023CBFE432AA880DF8E0FAF180A58D144432D938673C81B62F"
"https://github.com/nawaya040/BATTS","aee3eb56692e9fbaeba2e08139981dbc204231d7","scripts/coverage/models/section41_2d_models.R","scripts/coverage/models/section41_2d_models.R","ED19303C802057751B6A28E4CE63BE8570BBE29DA0DA277C4A24C5F05F0F3790"
"https://github.com/nawaya040/BATTS","aee3eb56692e9fbaeba2e08139981dbc204231d7","scripts/coverage/models/section42_multi_models.R","scripts/coverage/models/section42_multi_models.R","AD2090DA5FBC01123E65687B1364A6064F2E5B3B17824AD3B9C4DF7152E6EB40"
"https://github.com/nawaya040/BATTS","aee3eb56692e9fbaeba2e08139981dbc204231d7","scripts/coverage/run_coverage_1d.R","scripts/coverage/run_coverage_1d.R","C95447E35EC38811F46BF716751851E9585654C6B5F73BFA26AE6001C5494621"
"https://github.com/nawaya040/BATTS","aee3eb56692e9fbaeba2e08139981dbc204231d7","scripts/coverage/run_coverage_20d.R","scripts/coverage/run_coverage_20d.R","F316050A3BBC78AFED76B73F80589812B01FC33A6D66C54CC9E0E659BFF981A2"
"https://github.com/nawaya040/BATTS","aee3eb56692e9fbaeba2e08139981dbc204231d7","scripts/coverage/run_coverage_2d.R","scripts/coverage/run_coverage_2d.R","DB1C1AF8A950B29CE8722313249E16ACD1C1D3A056A655A45DC71A60DF6587F7"
"https://github.com/nawaya040/BATTS","aee3eb56692e9fbaeba2e08139981dbc204231d7","scripts/coverage/summarize_coverage.R","scripts/coverage/summarize_coverage.R","E1B028D48C01CC4839C044EE675F2DF0E8C229695055395821F4496CBF2470C3"
"https://github.com/nawaya040/BATTS","aee3eb56692e9fbaeba2e08139981dbc204231d7","scripts/figures/plot_figure1_r2_preview.R","scripts/figures/plot_figure1_r2_preview.R","4434814600CF03086F703D55D6BFC7D904F703DDD9031FE9FE66536E06C8A4FE"
"https://github.com/nawaya040/BATTS","aee3eb56692e9fbaeba2e08139981dbc204231d7","scripts/figures/plot_figure2_r2_preview.R","scripts/figures/plot_figure2_r2_preview.R","D798DE366A83E29542307C0782AADB5FA71D280338508DBD68F233A3333EAC6C"
"https://github.com/nawaya040/BATTS","aee3eb56692e9fbaeba2e08139981dbc204231d7","scripts/figures/plot_figure_20d_calibration_r2_preview.R","scripts/figures/plot_figure_20d_calibration_r2_preview.R","FF82652419A883E2F52D0838E4976F6C45C54F63D8ADDF58483473850D474DC3"
"https://github.com/nawaya040/BATTS","aee3eb56692e9fbaeba2e08139981dbc204231d7","scripts/figures/plot_figure_20d_localization_r2_preview.R","scripts/figures/plot_figure_20d_localization_r2_preview.R","A70E931243AE24BE326E58C2FCE5FFBC2703125CDBDF465FA70207D321607373"
"https://github.com/nawaya040/BATTS","aee3eb56692e9fbaeba2e08139981dbc204231d7","scripts/figures/plot_supplement_s4_r2_preview.R","scripts/figures/plot_supplement_s4_r2_preview.R","503A5BAC7A69C1B077311C5D2FEBAA2D365D61A8FCC0713BB21DDB4D1AA06D45"
"https://github.com/nawaya040/BATTS","aee3eb56692e9fbaeba2e08139981dbc204231d7","scripts/figures/plot_supplement_s5_r2_preview.R","scripts/figures/plot_supplement_s5_r2_preview.R","877267834B3A7FE607B9BFD6ECDA08E1D7228BBA36FABBAEDDFF9DF6B4190850"
"https://github.com/nawaya040/BATTS","aee3eb56692e9fbaeba2e08139981dbc204231d7","scripts/figures/reproduce_supplement_s5_source.R","scripts/figures/reproduce_supplement_s5_source.R","7DC8A392FB9BC7E0588C7DBAAF95DD3070804FF16803E604E2BD5CA8B9DB8686"
"https://github.com/nawaya040/BATTS","aee3eb56692e9fbaeba2e08139981dbc204231d7","scripts/plot_calibration_20D_from_saved.R","scripts/plot_calibration_20D_from_saved.R","AF77649DB89701BBCE8333EB9C2ABBB8AEBA920073A4B46BCD4D929D50D7F457"
"https://github.com/nawaya040/BATTS","aee3eb56692e9fbaeba2e08139981dbc204231d7","scripts/revision/20d_global_shift/20d_global_null_canonical_common.R","scripts/revision/20d_global_shift/20d_global_null_canonical_common.R","03D6A6252A4D2E656DE4CFFB381F2823023E9A274CDB53AC9F2ECB68497A4B9F"
"https://github.com/nawaya040/BATTS","aee3eb56692e9fbaeba2e08139981dbc204231d7","scripts/revision/20d_global_shift/20d_global_null_transform.R","scripts/revision/20d_global_shift/20d_global_null_transform.R","0A1D887429843D952DA7109D889F5EC755B1691ECC83597444293CE9DC8F48B9"
"https://github.com/nawaya040/BATTS","aee3eb56692e9fbaeba2e08139981dbc204231d7","scripts/revision/20d_global_shift/20d_global_null_transformed_common.R","scripts/revision/20d_global_shift/20d_global_null_transformed_common.R","51B8AFB2F202D366F48A82795C73057053ACB2DC7BF061AAAECAFA423C961089"
"https://github.com/nawaya040/BATTS","aee3eb56692e9fbaeba2e08139981dbc204231d7","scripts/revision/20d_global_shift/20d_global_shift_common.R","scripts/revision/20d_global_shift/20d_global_shift_common.R","EF5AE9EC1F7E1B321B1FA8D99388608B2F824E988A1B5A6BC717DB9855A85FFB"
"https://github.com/nawaya040/BATTS","aee3eb56692e9fbaeba2e08139981dbc204231d7","scripts/revision/20d_global_shift/CANONICAL_README.md","scripts/revision/20d_global_shift/CANONICAL_README.md","37C6BFE0B83F9F491EE153350994D807A6385F749E279E28705DF0086150B04B"
"https://github.com/nawaya040/BATTS","aee3eb56692e9fbaeba2e08139981dbc204231d7","scripts/revision/20d_global_shift/README.md","scripts/revision/20d_global_shift/README.md","CCCECCD9DA9A64EE6F4AD616A37C9840E923893E66E17A33BB0C6C92134DEC2B"
"https://github.com/nawaya040/BATTS","aee3eb56692e9fbaeba2e08139981dbc204231d7","scripts/revision/20d_global_shift/global_null_comparator_common.R","scripts/revision/20d_global_shift/global_null_comparator_common.R","CF1F87D535505A33A9FB75EC37F391704EBBE4E2436A7D0C1C6B25F308159C9D"
"https://github.com/nawaya040/BATTS","aee3eb56692e9fbaeba2e08139981dbc204231d7","scripts/revision/20d_global_shift/plot_unbalanced_calibration_curve.R","scripts/revision/20d_global_shift/plot_unbalanced_calibration_curve.R","56680436E0B62BFCAE2E0DE9B783F154BB4F16B98DD757E9ABBC87CA72781745"
"https://github.com/nawaya040/BATTS","aee3eb56692e9fbaeba2e08139981dbc204231d7","scripts/revision/20d_global_shift/run_20d_global_null_boosting_job.R","scripts/revision/20d_global_shift/run_20d_global_null_boosting_job.R","5FEDB8F9495E36201247348893D5661E8A42677BDE42B5DD0EB6BC1703CAC792"
"https://github.com/nawaya040/BATTS","aee3eb56692e9fbaeba2e08139981dbc204231d7","scripts/revision/20d_global_shift/run_20d_global_null_canonical.R","scripts/revision/20d_global_shift/run_20d_global_null_canonical.R","93F9A941B880643BE84C72182F5BAB94197505C04163D3AE72E2818D5C2945BF"
"https://github.com/nawaya040/BATTS","aee3eb56692e9fbaeba2e08139981dbc204231d7","scripts/revision/20d_global_shift/run_20d_global_null_cdc_job.R","scripts/revision/20d_global_shift/run_20d_global_null_cdc_job.R","350771E0D9CCB02D905D73D7FB42671148906516486BBE9228E0604E22B24E3F"
"https://github.com/nawaya040/BATTS","aee3eb56692e9fbaeba2e08139981dbc204231d7","scripts/revision/20d_global_shift/run_20d_global_null_kernel_job.R","scripts/revision/20d_global_shift/run_20d_global_null_kernel_job.R","53BD309F1FA6C81F7AF31D6C349621397ED5E68AAC2B6B90B8E0B5FA88EDC941"
"https://github.com/nawaya040/BATTS","aee3eb56692e9fbaeba2e08139981dbc204231d7","scripts/revision/20d_global_shift/run_20d_global_null_transformed_canonical.R","scripts/revision/20d_global_shift/run_20d_global_null_transformed_canonical.R","F75E44D582AE936A6CE4AD82F0C495506487943346078DD8E66B403692936CCA"
"https://github.com/nawaya040/BATTS","aee3eb56692e9fbaeba2e08139981dbc204231d7","scripts/revision/20d_global_shift/run_20d_global_shift_pilot.R","scripts/revision/20d_global_shift/run_20d_global_shift_pilot.R","4F5900914EC344F157225CA690CC7D5D2643C42DE45BC5606916C68B093CE02B"
"https://github.com/nawaya040/BATTS","aee3eb56692e9fbaeba2e08139981dbc204231d7","scripts/revision/20d_global_shift/summarize_20d_global_null_canonical.R","scripts/revision/20d_global_shift/summarize_20d_global_null_canonical.R","60AD0669F6252D3853E844A644A8547C05419066DF11A99A59A2720390B0D0D4"
"https://github.com/nawaya040/BATTS","aee3eb56692e9fbaeba2e08139981dbc204231d7","scripts/revision/20d_global_shift/summarize_20d_global_shift_pilot.R","scripts/revision/20d_global_shift/summarize_20d_global_shift_pilot.R","3D4FABF0EC58C12D9F709F0CCEEE7AB0C6CBD7CC669670458DE1DC46CA6F53E4"
"https://github.com/nawaya040/BATTS","aee3eb56692e9fbaeba2e08139981dbc204231d7","scripts/revision/20d_global_shift/summarize_global_null_comparators.R","scripts/revision/20d_global_shift/summarize_global_null_comparators.R","4323F6EC91DB29EC44FBF0DC9B94A671CAED939C279303AE21A8CF7DDD9DAEE0"
"https://github.com/nawaya040/BATTS","aee3eb56692e9fbaeba2e08139981dbc204231d7","scripts/revision/FULL_COMPUTATION_PLAN.md","scripts/revision/FULL_COMPUTATION_PLAN.md","9D2708042BB4A35F91D42FDFB166DCD10F4CD94811A12BA0A855BA35FE437500"
"https://github.com/nawaya040/BATTS","aee3eb56692e9fbaeba2e08139981dbc204231d7","scripts/revision/build_revision_run_plan.R","scripts/revision/build_revision_run_plan.R","1837D86CDADE5B98072FA53CB27F7F04958526F0D1610C8E088B15BDEC7A8C44"
"https://github.com/nawaya040/BATTS","aee3eb56692e9fbaeba2e08139981dbc204231d7","scripts/revision/run_revision_phase.ps1","scripts/revision/run_revision_phase.ps1","E08182189EC963A2A71216A46DD3A892FB20B714AA0FC679DDF8121E9D4895AB"
"https://github.com/nawaya040/BATTS","aee3eb56692e9fbaeba2e08139981dbc204231d7","scripts/revision/summarize_revision_mse.R","scripts/revision/summarize_revision_mse.R","9C42108DA06FF99B43ECB0DD54F3FFFF5B9F67ADC9E6CDA9F511E13348F352F7"
